{
    "text": "",
    "src": "http://localhost/talksimulator/media/2846597617.mp4",
    "silentTime": 4.3,
    "children": [{
            "text": "I am Alex",
            "src": "https://vimeo.com/609918592",
            "silentTime": 2.5,
            "children": [{
                    "tree": "marriedTree",
                    "text": "I am 19 years old",
                    "src": "https://vimeo.com/609918735",
                    "silentTime": 6
                },
                {
                    "tree": "marriedTree",
                    "text": "I am 26"
                }
            ]
        },
        {
            "text": "I am Chris",
            "src": "https://vimeo.com/609918678",
            "silentTime": 3,
            "children": [{
                    "text": "I am 20",
                    "tree": "marriedTree"
                },
                {
                    "text": "I am 28 years old",
                    "tree": "marriedTree"
                }
            ]
        }
    ],
    "marriedTree": {
        "src": "https://vimeo.com/609918735",
        "silentTime": 6,
        "children": [{
                "text": "Yes, I'm married",
                "src": "https://vimeo.com/609918792",
                "silentTime": 4.5,
                "children": [{
                        "text": "Yes, I have",
                        "tree": "relationTree"
                    },
                    {
                        "text": "No, I don't",
                        "tree": "relationTree"
                    }
                ]
            },
            {
                "text": "No, I'm not married",
                "src": "https://vimeo.com/609919080",
                "silentTime": 4.5,
                "children": [{
                        "text": "I'm single",
                        "tree": "relationTree"
                    },
                    {
                        "text": "I'm dating",
                        "tree": "relationTree"
                    }
                ]
            }
        ]
    },
    "relationTree": {
        "src": "https://vimeo.com/609919140",
        "silentTime": 6,
        "children": [{
                "text": "Yes, I am from Brazil",
                "src": "https://vimeo.com/609919193",
                "children": [{
                    "tree": "weatherTree"
                }]
            },
            {
                "text": "No, I am not from Brazil",
                "src": "https://vimeo.com/609919230",
                "children": [{
                    "tree": "weatherTree"
                }]
            }
        ]
    },
    "weatherTree": {
        "src": "https://vimeo.com/609919284",
        "silentTime": 4.5,
        "children": [{
                "text": "Yes, it's cold",
                "tree": "coldhotTree"
            },
            {
                "text": "No, it's hot",
                "tree": "coldhotTree"
            }
        ]
    },
    "coldhotTree": {
        "src": "https://vimeo.com/609919664",
        "silentTime": 5,
        "children": [{
                "text": "I prefer when it's cold",
                "tree": "occupationTree"
            },
            {
                "text": "I prefer when it's hot",
                "tree": "occupationTree"
            }
        ]
    },
    "occupationTree": {
        "src": "https://vimeo.com/609919735",
        "silentTime": 5.5,
        "children": [{
                "text": "I'm a student",
                "src": "https://vimeo.com/609919813",
                "children": [{
                    "tree": "questionsTree"
                }]
            },
            {
                "text": "I'm a Marketing Assistant",
                "src": "https://vimeo.com/609919850",
                "children": [{
                    "tree": "questionsTree"
                }]
            },
            {
                "text": "I'm a Salesperson",
                "src": "https://vimeo.com/609919969",
                "children": [{
                    "tree": "questionsTree"
                }]
            },
            {
                "text": "I'm a Software Developer",
                "src": "https://vimeo.com/609920232",
                "children": [{
                    "tree": "questionsTree"
                }]
            }
        ]
    },
    "questionsTree": {
        "src": "https://vimeo.com/609920500",
        "silentTime": 5,
        "children": [{
                "text": "Are you from the US?",
                "src": "https://vimeo.com/609923994",
                "silentTime": 4.5,
                "children": [{
                        "text": "Is it hot there?",
                        "tree": "husbandTree"
                    },
                    {
                        "text": "Is it cold there?",
                        "tree": "husbandTree"
                    }
                ]
            },
            {
                "text": "Are you a teacher?",
                "src": "https://vimeo.com/609925222",
                "silentTime": 4,
                "children": [{
                        "text": "Is it difficult?",
                        "tree": "sisterTree"
                    },
                    {
                        "text": "Is it easy?",
                        "tree": "sisterTree"
                    }
                ]
            }
        ]
    },
    "husbandTree": {
        "src": "https://vimeo.com/609925777",
        "silentTime": 5,
        "children": [{
                "text": "Is he American?",
                "tree": "husband2Tree"
            },
            {
                "text": "Is he British?",
                "tree": "husband2Tree"
            }
        ]
    },
    "sisterTree": {
        "src": "https://vimeo.com/609925943",
        "silentTime": 6,
        "children": [{
                "text": "Is she young?",
                "tree": "sister2Tree"
            },
            {
                "text": "Is she old?",
                "tree": "sister2Tree"
            }
        ]
    },
    "husband2Tree": {
        "src": "https://vimeo.com/609926582",
        "silentTime": 4.5,
        "children": [{
                "text": "Is he an actor?",
                "tree": "husband3Tree"
            },
            {
                "text": "Is he a teacher?",
                "tree": "husband3Tree"
            }
        ]
    },
    "sister2Tree": {
        "src": "https://vimeo.com/609926645",
        "silentTime": 4.5,
        "children": [{
                "text": "Is she from Canada?",
                "tree": "sister3Tree"
            },
            {
                "text": "Is she from the US?",
                "tree": "sister3Tree"
            }
        ]
    },
    "husband3Tree": {
        "src": "https://vimeo.com/609926726",
        "children": [{
            "tree": "endTree"
        }]
    },
    "sister3Tree": {
        "src": "https://vimeo.com/609927065",
        "children": [{
            "tree": "endTree"
        }]
    },
    "endTree": {
        "src": "https://vimeo.com/609927124",
        "children": []
    }
}